model,cv_mean_pr_auc,cv_std_pr_auc,precision,recall,f1,roc_auc,pr_auc,recall@5%,lift@5%,ks
ExtraTrees,0.8330926428089527,0.030788177534917742,0.9222222222222223,0.8736842105263158,0.8972972972972973,0.9721101220863849,0.8898954485673087,0.9473684210526315,565.8880886426592,0.9177131634225809
RandomForest,0.8259756696459171,0.026400682346820234,0.9213483146067416,0.8631578947368421,0.891304347826087,0.9674892160588051,0.8883384720946219,0.9368421052631579,559.6004432132964,0.9311228770059339
NeuralNet,0.7759863569303713,0.03112336956242047,0.8681318681318682,0.8315789473684211,0.849462365591398,0.9585207303443335,0.7804777345319024,0.8947368421052632,534.4498614958449,0.8769789914053637
LogisticRegression,0.7531911591021793,0.05203236413284452,0.8488372093023255,0.7684210526315789,0.8066298342541436,0.975211103255482,0.757252394409481,0.9368421052631579,559.6004432132964,0.8931712080150952
SGD,0.7298580202763577,0.05389418776996983,0.8041237113402062,0.8210526315789474,0.8125,0.985902418222747,0.7320430213618353,0.9157894736842105,547.0251523545707,0.8857401132882868
DecisionTree,0.5548220788002262,0.039304772657011135,0.8023255813953488,0.7263157894736842,0.7624309392265194,0.8630078532547852,0.583199920140603,0.7578947368421053,452.7104709141274,0.7260157065095706
GaussianNB,0.0707081648914106,0.00246574504366052,0.0880648899188876,0.8,0.15866388308977034,0.9589508802278773,0.07661220992913881,0.8947368421052632,534.4498614958449,0.8670232977724182
