model,cv_mean_pr_auc,cv_std_pr_auc,precision,recall,f1,roc_auc,pr_auc,recall@5%,lift@5%,ks
ExtraTrees,0.8322067601104459,0.030617116806140543,0.9418604651162791,0.8526315789473684,0.8950276243093923,0.9721155105730469,0.8894850189311598,0.9473684210526315,565.8880886426592,0.9178367269960395
RandomForest,0.8253444902566333,0.026460403235557022,0.9213483146067416,0.8631578947368421,0.8913043478260869,0.9727235734213823,0.8896648700519514,0.9473684210526315,565.8880886426592,0.9311758328231304
NeuralNet,0.7759863569303713,0.03112336956242047,0.8681318681318682,0.8315789473684211,0.8494623655913979,0.9585207303443335,0.7804777345319024,0.8947368421052632,534.4498614958449,0.8769789914053637
LogisticRegression,0.7512584935401823,0.057462217185497086,0.875,0.7368421052631579,0.8,0.98099759469104,0.755381760286063,0.9368421052631579,559.6004432132964,0.8893054333597493
SGD,0.7298580202763577,0.05389418776996983,0.8041237113402062,0.8210526315789474,0.8125,0.985902604032632,0.7320430354577903,0.9157894736842105,547.0251523545707,0.8857401132882868
DecisionTree,0.5548220788002262,0.039304772657011135,0.8023255813953488,0.7263157894736842,0.7624309392265194,0.8630078532547852,0.583199920140603,0.7578947368421053,452.7104709141274,0.7260157065095706
GaussianNB,0.0707081648914106,0.00246574504366052,0.0880648899188876,0.8,0.15866388308977036,0.9589508802278773,0.07661220992913881,0.8947368421052632,534.4498614958449,0.8670232977724182
